create database cse_3A_219

create table deposit(
   actno int,
   cname varchar(50),
   bname varchar(50),
   amount decimaL(8,2),
   adate datetime 

);

insert into deposit(ACTNO,CNAME,BNAME,AMOUNT,ADATE) VALUES (101,'ANIL','VRCE',1000,'1995-3-1')
insert into deposit(ACTNO,CNAME,BNAME,AMOUNT,ADATE) VALUES (102,'SUNIL','AJNI',5000,'1946-1-4')
insert into deposit(ACTNO,CNAME,BNAME,AMOUNT,ADATE) VALUES (103,'MEHUL','KAROLBAGH',3500,'1995-11-17')
insert into deposit(ACTNO,CNAME,BNAME,AMOUNT,ADATE) VALUES (104,'MADHURI','CHANDI',1200,'1995-12-17')
insert into deposit(ACTNO,CNAME,BNAME,AMOUNT,ADATE) VALUES (105,'PRMOD','M.G.ROAD',3000,'1996-3-27')
insert into deposit(ACTNO,CNAME,BNAME,AMOUNT,ADATE) VALUES (106,'SANDIP','ANDHERI',2000,'1996-3-31')
insert into deposit(ACTNO,CNAME,BNAME,AMOUNT,ADATE) VALUES (107,'SHIVANI','VIRAR',1000,'1995-9-5')
insert into deposit(ACTNO,CNAME,BNAME,AMOUNT,ADATE) VALUES (108,'KRANTI','NEHRU PLACE',5000,'1995-7-2')
insert into deposit(ACTNO,CNAME,BNAME,AMOUNT,ADATE) VALUES (109,'MINU','POWAI',7000,'1995-8-10')





create table BRANCH (
  BNAME VARCHAR(50),
  CITY VARCHAR(50)
);

INSERT INTO BRANCH VALUES ('VRCE','NAGPUR')
INSERT INTO BRANCH VALUES ('AJNI','NAGPUR')
INSERT INTO BRANCH VALUES ('KAROLBAGH','DELHI')
INSERT INTO BRANCH VALUES ('CHANDI','DELHI')
INSERT INTO BRANCH VALUES ('DHARAMPETH','NAGPUR')
INSERT INTO BRANCH VALUES ('M.G.ROAD','BANGLORE')
INSERT INTO BRANCH VALUES ('ANDHERI','BOMBAY')
INSERT INTO BRANCH VALUES ('VIRAR','BOMBAY')
INSERT INTO BRANCH VALUES ('NEHRU PLACE','DELHI')
INSERT INTO BRANCH VALUES ('POWAI','BOMBAY')


CREATE TABLE CUSTOMERS(
	CNAME VARCHAR(50),
	CITY VARCHAR(50)
);


	INSERT INTO CUSTOMERS VALUES ('ANIL','CALCUTTA')
	INSERT INTO CUSTOMERS VALUES ('SUNIL','DELHI')
	INSERT INTO CUSTOMERS VALUES ('MEHUL','BARODA')
	INSERT INTO CUSTOMERS VALUES ('MANDAR','PATNA')
	INSERT INTO CUSTOMERS VALUES ('MADHURI','NAGPUR')
	INSERT INTO CUSTOMERS VALUES ('PRAMOD','NAGPUR')
	INSERT INTO CUSTOMERS VALUES ('SANDIP','SURAT')
	INSERT INTO CUSTOMERS VALUES ('SHIVANI','BOMBAY')
	INSERT INTO CUSTOMERS VALUES ('KRANTI','BOMBAY')
	INSERT INTO CUSTOMERS VALUES ('NAREN','BOMBAY')






select * from CUSTOMERS


CREATE TABLE BORROW(
	LOANNO INT,
	CNAME VARCHAR(50),
	BNAME VARCHAR(50),
	AMOUNT DECIMAL(8,2)
);


INSERT INTO BORROW VALUES
(201,'ANIL','VRCE',1000),
(206,'MEHUL','AJNI',5000),
(311,'SUNIL','DHARAMPETH',3000),
(321,'MADHURI','ANDHERI',2000),
(375,'PRAMOD','VIRAR',8000),
(481,'KRANTI','NEHRU PLACE',3000)

SELECT * FROM BORROW

